Measure,region_from,region_to,Measure_Type,value,Base_Region,Sample_ID
entropy_kozachenko,lateraloccipital,lateraloccipital,Single-process,1.3985326723881348,lateraloccipital,298051
entropy_gaussian,lateraloccipital,lateraloccipital,Single-process,1.4193553735789615,lateraloccipital,298051
AIS_kraskov,lateraloccipital,lateraloccipital,Single-process,0.5789410096733834,lateraloccipital,298051
AIS_gaussian,lateraloccipital,lateraloccipital,Single-process,0.57139730448498,lateraloccipital,298051
entropy_kozachenko,lateralorbitofrontal,lateralorbitofrontal,Single-process,1.4553354481539253,lateralorbitofrontal,298051
entropy_gaussian,lateralorbitofrontal,lateralorbitofrontal,Single-process,1.4193553735789615,lateralorbitofrontal,298051
AIS_kraskov,lateralorbitofrontal,lateralorbitofrontal,Single-process,0.05644233080897898,lateralorbitofrontal,298051
AIS_gaussian,lateralorbitofrontal,lateralorbitofrontal,Single-process,0.03825211084118834,lateralorbitofrontal,298051
je_gaussian,lateraloccipital,lateralorbitofrontal,Pairwise,2.837739404736216,,298051
si_gaussian_k-1,lateraloccipital,lateralorbitofrontal,Pairwise,0.0018598962868345836,,298051
mi_gaussian,lateraloccipital,lateralorbitofrontal,Pairwise,0.00013766167312803635,,298051
tlmi_gaussian,lateraloccipital,lateralorbitofrontal,Pairwise,0.00014239352458987492,,298051
di_gaussian,lateraloccipital,lateralorbitofrontal,Pairwise,0.08388162049663528,,298051
gc_gaussian_k-1_kt-1_l-1_lt-1,lateraloccipital,lateralorbitofrontal,Pairwise,0.0002455229915741373,,298051
ce_gaussian,lateraloccipital,lateralorbitofrontal,Pairwise,1.4188008715315448,,298051
cce_gaussian,lateraloccipital,lateralorbitofrontal,Pairwise,6.888974926101618,,298051
entropy_kozachenko,transversetemporal,transversetemporal,Single-process,1.374163062532264,transversetemporal,298051
entropy_gaussian,transversetemporal,transversetemporal,Single-process,1.4193553735789608,transversetemporal,298051
AIS_kraskov,transversetemporal,transversetemporal,Single-process,0.026303114889865142,transversetemporal,298051
AIS_gaussian,transversetemporal,transversetemporal,Single-process,0.04918726915686697,transversetemporal,298051
je_gaussian,lateraloccipital,transversetemporal,Pairwise,2.8359673481209344,,298051
si_gaussian_k-1,lateraloccipital,transversetemporal,Pairwise,0.007762013477219387,,298051
mi_gaussian,lateraloccipital,transversetemporal,Pairwise,0.0019097182884094236,,298051
tlmi_gaussian,lateraloccipital,transversetemporal,Pairwise,0.0007976599596076072,,298051
di_gaussian,lateraloccipital,transversetemporal,Pairwise,0.10965943390473942,,298051
gc_gaussian_k-1_kt-1_l-1_lt-1,lateraloccipital,transversetemporal,Pairwise,0.00024341664019909704,,298051
ce_gaussian,lateraloccipital,transversetemporal,Pairwise,1.417028814916263,,298051
cce_gaussian,lateraloccipital,transversetemporal,Pairwise,6.83116398540097,,298051
entropy_kozachenko,supramarginal,supramarginal,Single-process,1.4691514253178974,supramarginal,298051
entropy_gaussian,supramarginal,supramarginal,Single-process,1.4193553735789615,supramarginal,298051
AIS_kraskov,supramarginal,supramarginal,Single-process,0.5462076044905642,supramarginal,298051
AIS_gaussian,supramarginal,supramarginal,Single-process,0.528169304692933,supramarginal,298051
je_gaussian,lateraloccipital,supramarginal,Pairwise,2.8125809253496166,,298051
si_gaussian_k-1,lateraloccipital,supramarginal,Pairwise,0.008370992381582898,,298051
mi_gaussian,lateraloccipital,supramarginal,Pairwise,0.025296141059727523,,298051
tlmi_gaussian,lateraloccipital,supramarginal,Pairwise,0.026537404654277317,,298051
di_gaussian,lateraloccipital,supramarginal,Pairwise,0.7664303124399048,,298051
gc_gaussian_k-1_kt-1_l-1_lt-1,lateraloccipital,supramarginal,Pairwise,0.0035072343188679456,,298051
ce_gaussian,lateraloccipital,supramarginal,Pairwise,1.3936423921449452,,298051
cce_gaussian,lateraloccipital,supramarginal,Pairwise,4.86346179605086,,298051
entropy_kozachenko,temporalpole,temporalpole,Single-process,1.4774173380672968,temporalpole,298051
entropy_gaussian,temporalpole,temporalpole,Single-process,1.4193553735789615,temporalpole,298051
AIS_kraskov,temporalpole,temporalpole,Single-process,0.023385573528784676,temporalpole,298051
AIS_gaussian,temporalpole,temporalpole,Single-process,0.001844215053396234,temporalpole,298051
je_gaussian,lateraloccipital,temporalpole,Pairwise,2.837840432449972,,298051
si_gaussian_k-1,lateraloccipital,temporalpole,Pairwise,0.0016079495082728101,,298051
mi_gaussian,lateraloccipital,temporalpole,Pairwise,3.6633959372835934e-05,,298051
tlmi_gaussian,lateraloccipital,temporalpole,Pairwise,0.0005705459811339372,,298051
di_gaussian,lateraloccipital,temporalpole,Pairwise,0.017343193490999553,,298051
gc_gaussian_k-1_kt-1_l-1_lt-1,lateraloccipital,temporalpole,Pairwise,0.0005540248223145727,,298051
ce_gaussian,lateraloccipital,temporalpole,Pairwise,1.4189018992453009,,298051
cce_gaussian,lateraloccipital,temporalpole,Pairwise,7.067954810941703,,298051
entropy_kozachenko,inferiorparietal,inferiorparietal,Single-process,1.4430708577953473,inferiorparietal,298051
entropy_gaussian,inferiorparietal,inferiorparietal,Single-process,1.4193553735789617,inferiorparietal,298051
AIS_kraskov,inferiorparietal,inferiorparietal,Single-process,0.3919943565532078,inferiorparietal,298051
AIS_gaussian,inferiorparietal,inferiorparietal,Single-process,0.38578513790803287,inferiorparietal,298051
je_gaussian,lateraloccipital,inferiorparietal,Pairwise,2.8377734848152434,,298051
si_gaussian_k-1,lateraloccipital,inferiorparietal,Pairwise,0.015679847935683888,,298051
mi_gaussian,lateraloccipital,inferiorparietal,Pairwise,0.00010358159410014179,,298051
tlmi_gaussian,lateraloccipital,inferiorparietal,Pairwise,0.000418938938731983,,298051
di_gaussian,lateraloccipital,inferiorparietal,Pairwise,0.5844085932941425,,298051
gc_gaussian_k-1_kt-1_l-1_lt-1,lateraloccipital,inferiorparietal,Pairwise,0.0017301075946576882,,298051
ce_gaussian,lateraloccipital,inferiorparietal,Pairwise,1.418834951610572,,298051
cce_gaussian,lateraloccipital,inferiorparietal,Pairwise,5.443142146228183,,298051
entropy_kozachenko,frontalpole,frontalpole,Single-process,1.359310061195866,frontalpole,298051
entropy_gaussian,frontalpole,frontalpole,Single-process,1.4193553735789624,frontalpole,298051
AIS_kraskov,frontalpole,frontalpole,Single-process,0.019350645311682513,frontalpole,298051
AIS_gaussian,frontalpole,frontalpole,Single-process,0.010594383027370154,frontalpole,298051
je_gaussian,lateraloccipital,frontalpole,Pairwise,2.832591509908788,,298051
si_gaussian_k-1,lateraloccipital,frontalpole,Pairwise,0.010376114292283134,,298051
mi_gaussian,lateraloccipital,frontalpole,Pairwise,0.005285556500556152,,298051
tlmi_gaussian,lateraloccipital,frontalpole,Pairwise,0.0006072480605136192,,298051
di_gaussian,lateraloccipital,frontalpole,Pairwise,0.06267560480357925,,298051
gc_gaussian_k-1_kt-1_l-1_lt-1,lateraloccipital,frontalpole,Pairwise,0.0002066890993000242,,298051
ce_gaussian,lateraloccipital,frontalpole,Pairwise,1.4136529767041166,,298051
cce_gaussian,lateraloccipital,frontalpole,Pairwise,7.002475601733463,,298051
entropy_kozachenko,isthmuscingulate,isthmuscingulate,Single-process,1.4187972830149018,isthmuscingulate,298051
entropy_gaussian,isthmuscingulate,isthmuscingulate,Single-process,1.4193553735789626,isthmuscingulate,298051
AIS_kraskov,isthmuscingulate,isthmuscingulate,Single-process,0.11147309320276477,isthmuscingulate,298051
AIS_gaussian,isthmuscingulate,isthmuscingulate,Single-process,0.10113002426468233,isthmuscingulate,298051
je_gaussian,lateraloccipital,isthmuscingulate,Pairwise,2.8349461267904736,,298051
si_gaussian_k-1,lateraloccipital,isthmuscingulate,Pairwise,0.0048090021019544515,,298051
mi_gaussian,lateraloccipital,isthmuscingulate,Pairwise,0.002930939618869909,,298051
tlmi_gaussian,lateraloccipital,isthmuscingulate,Pairwise,0.004822240808530099,,298051
di_gaussian,lateraloccipital,isthmuscingulate,Pairwise,0.20572336996995944,,298051
gc_gaussian_k-1_kt-1_l-1_lt-1,lateraloccipital,isthmuscingulate,Pairwise,0.002635796952900148,,298051
ce_gaussian,lateraloccipital,isthmuscingulate,Pairwise,1.4160075935858023,,298051
cce_gaussian,lateraloccipital,isthmuscingulate,Pairwise,6.567904407735608,,298051
entropy_kozachenko,medialorbitofrontal,medialorbitofrontal,Single-process,1.4438667591122867,medialorbitofrontal,298051
entropy_gaussian,medialorbitofrontal,medialorbitofrontal,Single-process,1.4193553735789612,medialorbitofrontal,298051
AIS_kraskov,medialorbitofrontal,medialorbitofrontal,Single-process,0.05718628605268883,medialorbitofrontal,298051
AIS_gaussian,medialorbitofrontal,medialorbitofrontal,Single-process,0.07470542208198562,medialorbitofrontal,298051
je_gaussian,lateraloccipital,medialorbitofrontal,Pairwise,2.837839051792664,,298051
si_gaussian_k-1,lateraloccipital,medialorbitofrontal,Pairwise,0.0045367195572834085,,298051
mi_gaussian,lateraloccipital,medialorbitofrontal,Pairwise,3.801461668058868e-05,,298051
tlmi_gaussian,lateraloccipital,medialorbitofrontal,Pairwise,0.0010374191545434207,,298051
di_gaussian,lateraloccipital,medialorbitofrontal,Pairwise,0.14604123895760512,,298051
gc_gaussian_k-1_kt-1_l-1_lt-1,lateraloccipital,medialorbitofrontal,Pairwise,0.0010354704719938825,,298051
ce_gaussian,lateraloccipital,medialorbitofrontal,Pairwise,1.4189005185879928,,298051
cce_gaussian,lateraloccipital,medialorbitofrontal,Pairwise,6.717416104877343,,298051
entropy_kozachenko,parsorbitalis,parsorbitalis,Single-process,1.3231106862655038,parsorbitalis,298051
entropy_gaussian,parsorbitalis,parsorbitalis,Single-process,1.4193553735789615,parsorbitalis,298051
AIS_kraskov,parsorbitalis,parsorbitalis,Single-process,0.05460364576022947,parsorbitalis,298051
AIS_gaussian,parsorbitalis,parsorbitalis,Single-process,0.06679727900713135,parsorbitalis,298051
je_gaussian,lateraloccipital,parsorbitalis,Pairwise,2.8375014031219497,,298051
si_gaussian_k-1,lateraloccipital,parsorbitalis,Pairwise,0.000728878456871751,,298051
mi_gaussian,lateraloccipital,parsorbitalis,Pairwise,0.0003756632873950638,,298051
tlmi_gaussian,lateraloccipital,parsorbitalis,Pairwise,0.0008936579308234309,,298051
di_gaussian,lateraloccipital,parsorbitalis,Pairwise,0.12470075536762248,,298051
gc_gaussian_k-1_kt-1_l-1_lt-1,lateraloccipital,parsorbitalis,Pairwise,0.0005979628160195208,,298051
ce_gaussian,lateraloccipital,parsorbitalis,Pairwise,1.4185628699172783,,298051
cce_gaussian,lateraloccipital,parsorbitalis,Pairwise,6.7613782498471915,,298051
entropy_kozachenko,inferiortemporal,inferiortemporal,Single-process,1.4737582720671778,inferiortemporal,298051
entropy_gaussian,inferiortemporal,inferiortemporal,Single-process,1.4193553735789626,inferiortemporal,298051
AIS_kraskov,inferiortemporal,inferiortemporal,Single-process,0.11326472535912657,inferiortemporal,298051
AIS_gaussian,inferiortemporal,inferiortemporal,Single-process,0.08001345981790164,inferiortemporal,298051
je_gaussian,lateraloccipital,inferiortemporal,Pairwise,2.8361357912499057,,298051
si_gaussian_k-1,lateraloccipital,inferiortemporal,Pairwise,0.00196810263173397,,298051
mi_gaussian,lateraloccipital,inferiortemporal,Pairwise,0.0017412751594384488,,298051
tlmi_gaussian,lateraloccipital,inferiortemporal,Pairwise,0.0020133880471942447,,298051
di_gaussian,lateraloccipital,inferiortemporal,Pairwise,0.1668629712229297,,298051
gc_gaussian_k-1_kt-1_l-1_lt-1,lateraloccipital,inferiortemporal,Pairwise,0.0009792984758263353,,298051
ce_gaussian,lateraloccipital,inferiortemporal,Pairwise,1.4171972580452343,,298051
cce_gaussian,lateraloccipital,inferiortemporal,Pairwise,6.6717797151092375,,298051
entropy_kozachenko,cuneus,cuneus,Single-process,1.4712953045833528,cuneus,298051
entropy_gaussian,cuneus,cuneus,Single-process,1.4193553735789612,cuneus,298051
AIS_kraskov,cuneus,cuneus,Single-process,0.4047167668961409,cuneus,298051
AIS_gaussian,cuneus,cuneus,Single-process,0.39955339631720865,cuneus,298051
je_gaussian,lateraloccipital,cuneus,Pairwise,2.807612064968641,,298051
si_gaussian_k-1,lateraloccipital,cuneus,Pairwise,0.04181646259809613,,298051
mi_gaussian,lateraloccipital,cuneus,Pairwise,0.03026500144070363,,298051
tlmi_gaussian,lateraloccipital,cuneus,Pairwise,0.02138578916189448,,298051
di_gaussian,lateraloccipital,cuneus,Pairwise,0.7393911486287772,,298051
gc_gaussian_k-1_kt-1_l-1_lt-1,lateraloccipital,cuneus,Pairwise,0.0007361972192516915,,298051
ce_gaussian,lateraloccipital,cuneus,Pairwise,1.3886735317639696,,298051
cce_gaussian,lateraloccipital,cuneus,Pairwise,5.246554794487587,,298051
entropy_kozachenko,posteriorcingulate,posteriorcingulate,Single-process,1.440732402392257,posteriorcingulate,298051
entropy_gaussian,posteriorcingulate,posteriorcingulate,Single-process,1.4193553735789612,posteriorcingulate,298051
AIS_kraskov,posteriorcingulate,posteriorcingulate,Single-process,0.053876723244490776,posteriorcingulate,298051
AIS_gaussian,posteriorcingulate,posteriorcingulate,Single-process,0.06297609697830295,posteriorcingulate,298051
je_gaussian,lateraloccipital,posteriorcingulate,Pairwise,2.837638034168003,,298051
si_gaussian_k-1,lateraloccipital,posteriorcingulate,Pairwise,0.004898372178938626,,298051
mi_gaussian,lateraloccipital,posteriorcingulate,Pairwise,0.00023903224134034126,,298051
tlmi_gaussian,lateraloccipital,posteriorcingulate,Pairwise,0.0005670571998992358,,298051
di_gaussian,lateraloccipital,posteriorcingulate,Pairwise,0.13116267216721766,,298051
gc_gaussian_k-1_kt-1_l-1_lt-1,lateraloccipital,posteriorcingulate,Pairwise,0.0003797207678204757,,298051
ce_gaussian,lateraloccipital,posteriorcingulate,Pairwise,1.4186995009633319,,298051
cce_gaussian,lateraloccipital,posteriorcingulate,Pairwise,6.754981368381456,,298051
entropy_kozachenko,bankssts,bankssts,Single-process,1.430259957849553,bankssts,298051
entropy_gaussian,bankssts,bankssts,Single-process,1.4193553735789612,bankssts,298051
AIS_kraskov,bankssts,bankssts,Single-process,0.12446501512821673,bankssts,298051
AIS_gaussian,bankssts,bankssts,Single-process,0.14216135536501578,bankssts,298051
je_gaussian,lateraloccipital,bankssts,Pairwise,2.8336166407238395,,298051
si_gaussian_k-1,lateraloccipital,bankssts,Pairwise,0.002046014862022272,,298051
mi_gaussian,lateraloccipital,bankssts,Pairwise,0.004260425685504512,,298051
tlmi_gaussian,lateraloccipital,bankssts,Pairwise,0.0037447695259143206,,298051
di_gaussian,lateraloccipital,bankssts,Pairwise,0.24316585247910893,,298051
gc_gaussian_k-1_kt-1_l-1_lt-1,lateraloccipital,bankssts,Pairwise,0.0010792842362594964,,298051
ce_gaussian,lateraloccipital,bankssts,Pairwise,1.4146781075191681,,298051
cce_gaussian,lateraloccipital,bankssts,Pairwise,6.4317234796720335,,298051
entropy_kozachenko,postcentral,postcentral,Single-process,1.4811295796016752,postcentral,298051
entropy_gaussian,postcentral,postcentral,Single-process,1.4193553735789617,postcentral,298051
AIS_kraskov,postcentral,postcentral,Single-process,0.3669615151745802,postcentral,298051
AIS_gaussian,postcentral,postcentral,Single-process,0.33994829140321714,postcentral,298051
je_gaussian,lateraloccipital,postcentral,Pairwise,2.830416060340051,,298051
si_gaussian_k-1,lateraloccipital,postcentral,Pairwise,0.0034647689455804542,,298051
mi_gaussian,lateraloccipital,postcentral,Pairwise,0.007461006069292895,,298051
tlmi_gaussian,lateraloccipital,postcentral,Pairwise,0.004736297074739345,,298051
di_gaussian,lateraloccipital,postcentral,Pairwise,0.4862625070288269,,298051
gc_gaussian_k-1_kt-1_l-1_lt-1,lateraloccipital,postcentral,Pairwise,0.00015233849076316577,,298051
ce_gaussian,lateraloccipital,postcentral,Pairwise,1.4114775271353799,,298051
cce_gaussian,lateraloccipital,postcentral,Pairwise,5.645879091996216,,298051
entropy_kozachenko,superiorfrontal,superiorfrontal,Single-process,1.415705028672365,superiorfrontal,298051
entropy_gaussian,superiorfrontal,superiorfrontal,Single-process,1.4193553735789612,superiorfrontal,298051
AIS_kraskov,superiorfrontal,superiorfrontal,Single-process,0.12957937722224777,superiorfrontal,298051
AIS_gaussian,superiorfrontal,superiorfrontal,Single-process,0.13320402867321277,superiorfrontal,298051
je_gaussian,lateraloccipital,superiorfrontal,Pairwise,2.812103525156812,,298051
si_gaussian_k-1,lateraloccipital,superiorfrontal,Pairwise,0.018072652486483598,,298051
mi_gaussian,lateraloccipital,superiorfrontal,Pairwise,0.025773541252531566,,298051
tlmi_gaussian,lateraloccipital,superiorfrontal,Pairwise,0.011581525741352747,,298051
di_gaussian,lateraloccipital,superiorfrontal,Pairwise,0.30335361820345064,,298051
gc_gaussian_k-1_kt-1_l-1_lt-1,lateraloccipital,superiorfrontal,Pairwise,0.0012810373340986024,,298051
ce_gaussian,lateraloccipital,superiorfrontal,Pairwise,1.3931649919521405,,298051
cce_gaussian,lateraloccipital,superiorfrontal,Pairwise,6.399919224823144,,298051
entropy_kozachenko,insula,insula,Single-process,1.4080025298413892,insula,298051
entropy_gaussian,insula,insula,Single-process,1.419355373578962,insula,298051
AIS_kraskov,insula,insula,Single-process,0.014231980820650136,insula,298051
AIS_gaussian,insula,insula,Single-process,0.00657533342248732,insula,298051
je_gaussian,lateraloccipital,insula,Pairwise,2.8378768958092095,,298051
si_gaussian_k-1,lateraloccipital,insula,Pairwise,0.0004621666906801103,,298051
mi_gaussian,lateraloccipital,insula,Pairwise,1.7060013466916176e-07,,298051
tlmi_gaussian,lateraloccipital,insula,Pairwise,6.677031145049858e-05,,298051
di_gaussian,lateraloccipital,insula,Pairwise,0.019525820651827175,,298051
gc_gaussian_k-1_kt-1_l-1_lt-1,lateraloccipital,insula,Pairwise,6.836120025137045e-05,,298051
ce_gaussian,lateraloccipital,insula,Pairwise,1.4189383626045382,,298051
cce_gaussian,lateraloccipital,insula,Pairwise,7.050722429941066,,298051
entropy_kozachenko,entorhinal,entorhinal,Single-process,1.3892076153873374,entorhinal,298051
entropy_gaussian,entorhinal,entorhinal,Single-process,1.4193553735789612,entorhinal,298051
AIS_kraskov,entorhinal,entorhinal,Single-process,0.08685202147301219,entorhinal,298051
AIS_gaussian,entorhinal,entorhinal,Single-process,0.0012318954677434572,entorhinal,298051
je_gaussian,lateraloccipital,entorhinal,Pairwise,2.837872160917941,,298051
si_gaussian_k-1,lateraloccipital,entorhinal,Pairwise,0.004080028749826603,,298051
mi_gaussian,lateraloccipital,entorhinal,Pairwise,4.905491403021795e-06,,298051
tlmi_gaussian,lateraloccipital,entorhinal,Pairwise,0.0003981943558066282,,298051
di_gaussian,lateraloccipital,entorhinal,Pairwise,0.0104953097444902,,298051
gc_gaussian_k-1_kt-1_l-1_lt-1,lateraloccipital,entorhinal,Pairwise,0.0003933365686309192,,298051
ce_gaussian,lateraloccipital,entorhinal,Pairwise,1.4189336277132698,,298051
cce_gaussian,lateraloccipital,entorhinal,Pairwise,7.076029416041338,,298051
entropy_kozachenko,caudalmiddlefrontal,caudalmiddlefrontal,Single-process,1.4215739414260113,caudalmiddlefrontal,298051
entropy_gaussian,caudalmiddlefrontal,caudalmiddlefrontal,Single-process,1.4193553735789612,caudalmiddlefrontal,298051
AIS_kraskov,caudalmiddlefrontal,caudalmiddlefrontal,Single-process,0.27565644212278606,caudalmiddlefrontal,298051
AIS_gaussian,caudalmiddlefrontal,caudalmiddlefrontal,Single-process,0.2942854717163611,caudalmiddlefrontal,298051
je_gaussian,lateraloccipital,caudalmiddlefrontal,Pairwise,2.79013478858892,,298051
si_gaussian_k-1,lateraloccipital,caudalmiddlefrontal,Pairwise,0.015263333620015418,,298051
mi_gaussian,lateraloccipital,caudalmiddlefrontal,Pairwise,0.04774227782042405,,298051
tlmi_gaussian,lateraloccipital,caudalmiddlefrontal,Pairwise,0.039896974534512776,,298051
di_gaussian,lateraloccipital,caudalmiddlefrontal,Pairwise,0.5189823920574028,,298051
gc_gaussian_k-1_kt-1_l-1_lt-1,lateraloccipital,caudalmiddlefrontal,Pairwise,0.005740291705188958,,298051
ce_gaussian,lateraloccipital,caudalmiddlefrontal,Pairwise,1.3711962553842487,,298051
cce_gaussian,lateraloccipital,caudalmiddlefrontal,Pairwise,5.741846133998658,,298051
entropy_kozachenko,fusiform,fusiform,Single-process,1.4842599655242772,fusiform,298051
entropy_gaussian,fusiform,fusiform,Single-process,1.4193553735789612,fusiform,298051
AIS_kraskov,fusiform,fusiform,Single-process,0.11366872863136379,fusiform,298051
AIS_gaussian,fusiform,fusiform,Single-process,0.11049819218224341,fusiform,298051
je_gaussian,lateraloccipital,fusiform,Pairwise,2.8033261855425637,,298051
si_gaussian_k-1,lateraloccipital,fusiform,Pairwise,0.017749472195297766,,298051
mi_gaussian,lateraloccipital,fusiform,Pairwise,0.03455088086678002,,298051
tlmi_gaussian,lateraloccipital,fusiform,Pairwise,0.02642549112275495,,298051
di_gaussian,lateraloccipital,fusiform,Pairwise,0.27012388794308073,,298051
gc_gaussian_k-1_kt-1_l-1_lt-1,lateraloccipital,fusiform,Pairwise,0.008447856946355659,,298051
ce_gaussian,lateraloccipital,fusiform,Pairwise,1.3843876523378924,,298051
cce_gaussian,lateraloccipital,fusiform,Pairwise,6.4824356421879035,,298051
entropy_kozachenko,parahippocampal,parahippocampal,Single-process,1.3219615373413394,parahippocampal,298051
entropy_gaussian,parahippocampal,parahippocampal,Single-process,1.4193553735789621,parahippocampal,298051
AIS_kraskov,parahippocampal,parahippocampal,Single-process,-0.030739535505587057,parahippocampal,298051
AIS_gaussian,parahippocampal,parahippocampal,Single-process,0.0014941759665297405,parahippocampal,298051
je_gaussian,lateraloccipital,parahippocampal,Pairwise,2.837869916415069,,298051
si_gaussian_k-1,lateraloccipital,parahippocampal,Pairwise,0.0016215093481641851,,298051
mi_gaussian,lateraloccipital,parahippocampal,Pairwise,7.149994274868577e-06,,298051
tlmi_gaussian,lateraloccipital,parahippocampal,Pairwise,0.00024165528489879178,,298051
di_gaussian,lateraloccipital,parahippocampal,Pairwise,0.00806830571150119,,298051
gc_gaussian_k-1_kt-1_l-1_lt-1,lateraloccipital,parahippocampal,Pairwise,0.00024812357919736064,,298051
ce_gaussian,lateraloccipital,parahippocampal,Pairwise,1.4189313832103978,,298051
cce_gaussian,lateraloccipital,parahippocampal,Pairwise,7.080522318696742,,298051
entropy_kozachenko,precuneus,precuneus,Single-process,1.3754753836668199,precuneus,298051
entropy_gaussian,precuneus,precuneus,Single-process,1.419355373578962,precuneus,298051
AIS_kraskov,precuneus,precuneus,Single-process,0.43202379443908345,precuneus,298051
AIS_gaussian,precuneus,precuneus,Single-process,0.4630356559621961,precuneus,298051
je_gaussian,lateraloccipital,precuneus,Pairwise,2.824993326986755,,298051
si_gaussian_k-1,lateraloccipital,precuneus,Pairwise,0.005195302173140792,,298051
mi_gaussian,lateraloccipital,precuneus,Pairwise,0.012883739422588933,,298051
tlmi_gaussian,lateraloccipital,precuneus,Pairwise,0.012810598824701053,,298051
di_gaussian,lateraloccipital,precuneus,Pairwise,0.6636656953677127,,298051
gc_gaussian_k-1_kt-1_l-1_lt-1,lateraloccipital,precuneus,Pairwise,0.0015073824455860932,,298051
ce_gaussian,lateraloccipital,precuneus,Pairwise,1.4060547937820838,,298051
cce_gaussian,lateraloccipital,precuneus,Pairwise,5.125148447436191,,298051
entropy_kozachenko,middletemporal,middletemporal,Single-process,1.3647674315803622,middletemporal,298051
entropy_gaussian,middletemporal,middletemporal,Single-process,1.4193553735789617,middletemporal,298051
AIS_kraskov,middletemporal,middletemporal,Single-process,0.19030196421340584,middletemporal,298051
AIS_gaussian,middletemporal,middletemporal,Single-process,0.198841119102407,middletemporal,298051
je_gaussian,lateraloccipital,middletemporal,Pairwise,2.835441690335209,,298051
si_gaussian_k-1,lateraloccipital,middletemporal,Pairwise,0.0034854016989456227,,298051
mi_gaussian,lateraloccipital,middletemporal,Pairwise,0.002435376074135629,,298051
tlmi_gaussian,lateraloccipital,middletemporal,Pairwise,0.0029313852591336268,,298051
di_gaussian,lateraloccipital,middletemporal,Pairwise,0.3102780207094682,,298051
gc_gaussian_k-1_kt-1_l-1_lt-1,lateraloccipital,middletemporal,Pairwise,0.0009780319782397105,,298051
ce_gaussian,lateraloccipital,middletemporal,Pairwise,1.4165031571305375,,298051
cce_gaussian,lateraloccipital,middletemporal,Pairwise,6.208132556548077,,298051
entropy_kozachenko,rostralanteriorcingulate,rostralanteriorcingulate,Single-process,1.4115178357849958,rostralanteriorcingulate,298051
entropy_gaussian,rostralanteriorcingulate,rostralanteriorcingulate,Single-process,1.4193553735789615,rostralanteriorcingulate,298051
AIS_kraskov,rostralanteriorcingulate,rostralanteriorcingulate,Single-process,0.06721146979533188,rostralanteriorcingulate,298051
AIS_gaussian,rostralanteriorcingulate,rostralanteriorcingulate,Single-process,0.059963001092941004,rostralanteriorcingulate,298051
je_gaussian,lateraloccipital,rostralanteriorcingulate,Pairwise,2.8358004009472424,,298051
si_gaussian_k-1,lateraloccipital,rostralanteriorcingulate,Pairwise,0.0017840261869199736,,298051
mi_gaussian,lateraloccipital,rostralanteriorcingulate,Pairwise,0.002076665462101765,,298051
tlmi_gaussian,lateraloccipital,rostralanteriorcingulate,Pairwise,0.0026667897046811963,,298051
di_gaussian,lateraloccipital,rostralanteriorcingulate,Pairwise,0.13305308103675806,,298051
gc_gaussian_k-1_kt-1_l-1_lt-1,lateraloccipital,rostralanteriorcingulate,Pairwise,0.0014897654260379296,,298051
ce_gaussian,lateraloccipital,rostralanteriorcingulate,Pairwise,1.416861867742571,,298051
cce_gaussian,lateraloccipital,rostralanteriorcingulate,Pairwise,6.7629094865588995,,298051
entropy_kozachenko,parstriangularis,parstriangularis,Single-process,1.4413867819265755,parstriangularis,298051
entropy_gaussian,parstriangularis,parstriangularis,Single-process,1.419355373578961,parstriangularis,298051
AIS_kraskov,parstriangularis,parstriangularis,Single-process,0.26861733282017397,parstriangularis,298051
AIS_gaussian,parstriangularis,parstriangularis,Single-process,0.2197053745859875,parstriangularis,298051
je_gaussian,lateraloccipital,parstriangularis,Pairwise,2.8363100661874436,,298051
si_gaussian_k-1,lateraloccipital,parstriangularis,Pairwise,0.0024527670758249798,,298051
mi_gaussian,lateraloccipital,parstriangularis,Pairwise,0.0015670002219003109,,298051
tlmi_gaussian,lateraloccipital,parstriangularis,Pairwise,0.0005852046665537593,,298051
di_gaussian,lateraloccipital,parstriangularis,Pairwise,0.34827377636320733,,298051
gc_gaussian_k-1_kt-1_l-1_lt-1,lateraloccipital,parstriangularis,Pairwise,8.555026815586144e-07,,298051
ce_gaussian,lateraloccipital,parstriangularis,Pairwise,1.4173715329827723,,298051
cce_gaussian,lateraloccipital,parstriangularis,Pairwise,6.110503624146846,,298051
entropy_kozachenko,parsopercularis,parsopercularis,Single-process,1.392388696865332,parsopercularis,298051
entropy_gaussian,parsopercularis,parsopercularis,Single-process,1.4193553735789612,parsopercularis,298051
AIS_kraskov,parsopercularis,parsopercularis,Single-process,0.24282469173101529,parsopercularis,298051
AIS_gaussian,parsopercularis,parsopercularis,Single-process,0.23433952433341732,parsopercularis,298051
je_gaussian,lateraloccipital,parsopercularis,Pairwise,2.835547676982891,,298051
si_gaussian_k-1,lateraloccipital,parsopercularis,Pairwise,0.002407862203083422,,298051
mi_gaussian,lateraloccipital,parsopercularis,Pairwise,0.002329389426453449,,298051
tlmi_gaussian,lateraloccipital,parsopercularis,Pairwise,0.0008231700815610697,,298051
di_gaussian,lateraloccipital,parsopercularis,Pairwise,0.36561929039039676,,298051
gc_gaussian_k-1_kt-1_l-1_lt-1,lateraloccipital,parsopercularis,Pairwise,1.7363905220106925e-06,,298051
ce_gaussian,lateraloccipital,parsopercularis,Pairwise,1.4166091437782198,,298051
cce_gaussian,lateraloccipital,parsopercularis,Pairwise,6.046924974081488,,298051
entropy_kozachenko,precentral,precentral,Single-process,1.4518584464295001,precentral,298051
entropy_gaussian,precentral,precentral,Single-process,1.419355373578961,precentral,298051
AIS_kraskov,precentral,precentral,Single-process,0.28773721575058975,precentral,298051
AIS_gaussian,precentral,precentral,Single-process,0.269283523436475,precentral,298051
je_gaussian,lateraloccipital,precentral,Pairwise,2.833445020601811,,298051
si_gaussian_k-1,lateraloccipital,precentral,Pairwise,0.01974147010171623,,298051
mi_gaussian,lateraloccipital,precentral,Pairwise,0.0044320458075324245,,298051
tlmi_gaussian,lateraloccipital,precentral,Pairwise,0.0009984485352620383,,298051
di_gaussian,lateraloccipital,precentral,Pairwise,0.45024525349491995,,298051
gc_gaussian_k-1_kt-1_l-1_lt-1,lateraloccipital,precentral,Pairwise,0.00022795259232230263,,298051
ce_gaussian,lateraloccipital,precentral,Pairwise,1.4145064873971398,,298051
cce_gaussian,lateraloccipital,precentral,Pairwise,5.895260315869637,,298051
entropy_kozachenko,rostralmiddlefrontal,rostralmiddlefrontal,Single-process,1.3916973210207235,rostralmiddlefrontal,298051
entropy_gaussian,rostralmiddlefrontal,rostralmiddlefrontal,Single-process,1.419355373578962,rostralmiddlefrontal,298051
AIS_kraskov,rostralmiddlefrontal,rostralmiddlefrontal,Single-process,0.48950582637265416,rostralmiddlefrontal,298051
AIS_gaussian,rostralmiddlefrontal,rostralmiddlefrontal,Single-process,0.4773889074644554,rostralmiddlefrontal,298051
je_gaussian,lateraloccipital,rostralmiddlefrontal,Pairwise,2.822420560115192,,298051
si_gaussian_k-1,lateraloccipital,rostralmiddlefrontal,Pairwise,0.004255102575227321,,298051
mi_gaussian,lateraloccipital,rostralmiddlefrontal,Pairwise,0.015456506294152123,,298051
tlmi_gaussian,lateraloccipital,rostralmiddlefrontal,Pairwise,0.012997368946189147,,298051
di_gaussian,lateraloccipital,rostralmiddlefrontal,Pairwise,0.6666726472172879,,298051
gc_gaussian_k-1_kt-1_l-1_lt-1,lateraloccipital,rostralmiddlefrontal,Pairwise,0.0007779890330750596,,298051
ce_gaussian,lateraloccipital,rostralmiddlefrontal,Pairwise,1.4034820269105208,,298051
cce_gaussian,lateraloccipital,rostralmiddlefrontal,Pairwise,5.108771993650833,,298051
entropy_kozachenko,paracentral,paracentral,Single-process,1.3845859948978028,paracentral,298051
entropy_gaussian,paracentral,paracentral,Single-process,1.419355373578962,paracentral,298051
AIS_kraskov,paracentral,paracentral,Single-process,0.06132584147897013,paracentral,298051
AIS_gaussian,paracentral,paracentral,Single-process,0.06695672560300198,paracentral,298051
je_gaussian,lateraloccipital,paracentral,Pairwise,2.829968429290266,,298051
si_gaussian_k-1,lateraloccipital,paracentral,Pairwise,0.008016254364170639,,298051
mi_gaussian,lateraloccipital,paracentral,Pairwise,0.007908637119077867,,298051
tlmi_gaussian,lateraloccipital,paracentral,Pairwise,0.0063777903010013995,,298051
di_gaussian,lateraloccipital,paracentral,Pairwise,0.14325760214757466,,298051
gc_gaussian_k-1_kt-1_l-1_lt-1,lateraloccipital,paracentral,Pairwise,0.002699011792148019,,298051
ce_gaussian,lateraloccipital,paracentral,Pairwise,1.4110298960855947,,298051
cce_gaussian,lateraloccipital,paracentral,Pairwise,6.738834097588704,,298051
entropy_kozachenko,superiortemporal,superiortemporal,Single-process,1.416682897345824,superiortemporal,298051
entropy_gaussian,superiortemporal,superiortemporal,Single-process,1.4193553735789612,superiortemporal,298051
AIS_kraskov,superiortemporal,superiortemporal,Single-process,0.14772929869930707,superiortemporal,298051
AIS_gaussian,superiortemporal,superiortemporal,Single-process,0.14873946034477797,superiortemporal,298051
je_gaussian,lateraloccipital,superiortemporal,Pairwise,2.837690287762251,,298051
si_gaussian_k-1,lateraloccipital,superiortemporal,Pairwise,0.004473926227195335,,298051
mi_gaussian,lateraloccipital,superiortemporal,Pairwise,0.00018677864709291502,,298051
tlmi_gaussian,lateraloccipital,superiortemporal,Pairwise,4.2039917321586335e-05,,298051
di_gaussian,lateraloccipital,superiortemporal,Pairwise,0.23185787346804432,,298051
gc_gaussian_k-1_kt-1_l-1_lt-1,lateraloccipital,superiortemporal,Pairwise,0.0002526603489115431,,298051
ce_gaussian,lateraloccipital,superiortemporal,Pairwise,1.4187517545575798,,298051
cce_gaussian,lateraloccipital,superiortemporal,Pairwise,6.438793216757851,,298051
entropy_kozachenko,lingual,lingual,Single-process,1.4392177684669987,lingual,298051
entropy_gaussian,lingual,lingual,Single-process,1.4193553735789615,lingual,298051
AIS_kraskov,lingual,lingual,Single-process,0.26074374770725584,lingual,298051
AIS_gaussian,lingual,lingual,Single-process,0.29655095076071797,lingual,298051
je_gaussian,lateraloccipital,lingual,Pairwise,2.813317916164797,,298051
si_gaussian_k-1,lateraloccipital,lingual,Pairwise,0.02554961386540544,,298051
mi_gaussian,lateraloccipital,lingual,Pairwise,0.024559150244547197,,298051
tlmi_gaussian,lateraloccipital,lingual,Pairwise,0.010770450496621042,,298051
di_gaussian,lateraloccipital,lingual,Pairwise,0.5399313619902077,,298051
gc_gaussian_k-1_kt-1_l-1_lt-1,lateraloccipital,lingual,Pairwise,4.8884318423837014e-08,,298051
ce_gaussian,lateraloccipital,lingual,Pairwise,1.3943793829601256,,298051
cce_gaussian,lateraloccipital,lingual,Pairwise,5.723701084208683,,298051
entropy_kozachenko,superiorparietal,superiorparietal,Single-process,1.4092636896092703,superiorparietal,298051
entropy_gaussian,superiorparietal,superiorparietal,Single-process,1.419355373578962,superiorparietal,298051
AIS_kraskov,superiorparietal,superiorparietal,Single-process,0.4447422392535181,superiorparietal,298051
AIS_gaussian,superiorparietal,superiorparietal,Single-process,0.428688265300941,superiorparietal,298051
je_gaussian,lateraloccipital,superiorparietal,Pairwise,2.8322793573101634,,298051
si_gaussian_k-1,lateraloccipital,superiorparietal,Pairwise,0.02157814121163515,,298051
mi_gaussian,lateraloccipital,superiorparietal,Pairwise,0.0055977090991799466,,298051
tlmi_gaussian,lateraloccipital,superiorparietal,Pairwise,0.0011150417793228372,,298051
di_gaussian,lateraloccipital,superiorparietal,Pairwise,0.6613941914519765,,298051
gc_gaussian_k-1_kt-1_l-1_lt-1,lateraloccipital,superiorparietal,Pairwise,0.0013590815513327193,,298051
ce_gaussian,lateraloccipital,superiorparietal,Pairwise,1.413340824105492,,298051
cce_gaussian,lateraloccipital,superiorparietal,Pairwise,5.255135735737389,,298051
entropy_kozachenko,pericalcarine,pericalcarine,Single-process,1.3820800975530991,pericalcarine,298051
entropy_gaussian,pericalcarine,pericalcarine,Single-process,1.4193553735789621,pericalcarine,298051
AIS_kraskov,pericalcarine,pericalcarine,Single-process,0.42737820700346774,pericalcarine,298051
AIS_gaussian,pericalcarine,pericalcarine,Single-process,0.420017817927174,pericalcarine,298051
je_gaussian,lateraloccipital,pericalcarine,Pairwise,2.833939597290868,,298051
si_gaussian_k-1,lateraloccipital,pericalcarine,Pairwise,0.023883420527658128,,298051
mi_gaussian,lateraloccipital,pericalcarine,Pairwise,0.003937469118476508,,298051
tlmi_gaussian,lateraloccipital,pericalcarine,Pairwise,0.0014705790978963888,,298051
di_gaussian,lateraloccipital,pericalcarine,Pairwise,0.6465457707123594,,298051
gc_gaussian_k-1_kt-1_l-1_lt-1,lateraloccipital,pericalcarine,Pairwise,0.00018741115377785879,,298051
ce_gaussian,lateraloccipital,pericalcarine,Pairwise,1.4150010640861965,,298051
cce_gaussian,lateraloccipital,pericalcarine,Pairwise,5.298882330042543,,298051
entropy_kozachenko,caudalanteriorcingulate,caudalanteriorcingulate,Single-process,1.438044050412226,caudalanteriorcingulate,298051
entropy_gaussian,caudalanteriorcingulate,caudalanteriorcingulate,Single-process,1.4193553735789615,caudalanteriorcingulate,298051
AIS_kraskov,caudalanteriorcingulate,caudalanteriorcingulate,Single-process,0.04218367018123814,caudalanteriorcingulate,298051
AIS_gaussian,caudalanteriorcingulate,caudalanteriorcingulate,Single-process,0.0435050219372902,caudalanteriorcingulate,298051
je_gaussian,lateraloccipital,caudalanteriorcingulate,Pairwise,2.8376917116461944,,298051
si_gaussian_k-1,lateraloccipital,caudalanteriorcingulate,Pairwise,0.0010302901279612975,,298051
mi_gaussian,lateraloccipital,caudalanteriorcingulate,Pairwise,0.00018535476314960106,,298051
tlmi_gaussian,lateraloccipital,caudalanteriorcingulate,Pairwise,2.3230184514716856e-05,,298051
di_gaussian,lateraloccipital,caudalanteriorcingulate,Pairwise,0.09411272342198629,,298051
gc_gaussian_k-1_kt-1_l-1_lt-1,lateraloccipital,caudalanteriorcingulate,Pairwise,7.979837324378726e-05,,298051
ce_gaussian,lateraloccipital,caudalanteriorcingulate,Pairwise,1.418753178441523,,298051
cce_gaussian,lateraloccipital,caudalanteriorcingulate,Pairwise,6.853825951177809,,298051
